,PPO,DDPG,SAC,TRPO
0,3683.49072265625,420.27471923828125,4291.02978515625,446.09295654296875
1,1576.483154296875,640.0671997070312,4551.0380859375,1918.919677734375
2,3908.14013671875,2338.0419921875,4669.77490234375,1015.7262573242188
3,1451.9110107421875,879.0955200195312,4697.365234375,757.0098876953125
4,5177.005859375,736.5420532226562,4074.497802734375,1769.3448486328125
